Source_id,Sentence_en
1,the can also used to the <UNK>
2,for i say unto the <UNK> of the <UNK> of the <UNK> of the <UNK> of the <UNK> of the <UNK>
3,when i want to the to the the next <UNK>
4,for the <UNK> is a <UNK> <UNK> <UNK> <UNK> <UNK> <UNK> <UNK> <UNK>
5,and when he was <UNK> in the <UNK> of the <UNK> in the <UNK> of the <UNK>
6,we can see that the <UNK> in the <UNK>
7,child has love in you all.
8,it yoga is <UNK> <UNK> <UNK> <UNK>
9,and the <UNK> of the <UNK> of the <UNK> of the <UNK> of the <UNK> and the <UNK> of the
10,the <UNK> of the forest of the <UNK> of the <UNK> of the <UNK> <UNK>
11,they walked in the
12,krishna <UNK> <UNK>
13,"to do so, go to the to the to the to copy the <UNK>"
14,click on the <UNK> and the on the
15,click on the mouse and click on the
16,this is because we have the output is <UNK>
17,<UNK> <UNK> <UNK> <UNK> <UNK> <UNK> <UNK> <UNK> <UNK> <UNK> <UNK> <UNK> <UNK>
18,those are <UNK>
19,"apache, mariadb and php obtained through xampp"
20,"in this tutorial, we will the output of the"
21,the <UNK> <UNK>
22,1. 1. <UNK>
23,we we can see the to the
24,<UNK> <UNK> <UNK> <UNK> <UNK> <UNK> <UNK> <UNK> <UNK> <UNK> <UNK> <UNK> <UNK>
25,<UNK> <UNK> <UNK> <UNK> <UNK> <UNK> <UNK> <UNK> <UNK> <UNK> <UNK> <UNK> <UNK> <UNK> <UNK> <UNK> <UNK>
26,you may also learn about <UNK> and <UNK> and <UNK> <UNK> <UNK>
27,<UNK> <UNK> <UNK> <UNK>
28,boy displays kindness in you.
29,and if the <UNK> of the in the <UNK> of the in the <UNK> of the <UNK>
30,"in this tutorial, i will have to create a <UNK>"
31,<UNK> one who <UNK>
32,keep the right <UNK> and thread and thread
33,i select i select the <UNK> and i select the image and i have the <UNK>
34,we will now the <UNK> to <UNK>
35,3. and the <UNK> and <UNK>
36,"but if ye would be <UNK> for you, that ye may be <UNK> <UNK>"
37,<UNK> <UNK> is <UNK> <UNK> <UNK> <UNK> <UNK> <UNK> <UNK> <UNK> <UNK> <UNK>
38,and he that the son of the son of the <UNK> of the <UNK> of the and he is the <UNK>
39,<UNK> <UNK> <UNK> <UNK> <UNK> <UNK> <UNK>
40,<UNK> one <UNK>
41,<UNK> <UNK> <UNK>
42,and the <UNK> of the <UNK> of the <UNK> of the <UNK> of the <UNK> of <UNK>
43,this brings we come
44,and <UNK> and <UNK> <UNK>
45,the <UNK> of the
46,for the <UNK> <UNK> <UNK> <UNK> <UNK> <UNK> <UNK> <UNK>
47,for the <UNK> <UNK> <UNK>
48,now let us to the the of the <UNK> of the <UNK> of the
49,i i will select the <UNK> as i will select the
50,<UNK> one who is <UNK> <UNK> <UNK> <UNK>
51,welcome to the spoken tutorial on gimp.
52,"so, we have a variable of <UNK>"
53,we can also learn about <UNK>
54,we we can see the output is the
55,now we will learn how to create a variable variables in the range
56,<UNK> <UNK> <UNK> <UNK>
57,we all <UNK>
58,i i want to the the <UNK> and i click on the <UNK> and click on the
59,maintain the <UNK> of the <UNK>
60,and when he was a certain <UNK> of the <UNK> of the <UNK>
61,in the <UNK> <UNK> type <UNK>
62,click on enter.
63,it is a <UNK> <UNK> <UNK>
64,we can see that it is a <UNK>
65,then the the the and the and the the the the and <UNK>
66,<UNK> one who is the <UNK> of <UNK>
67,"if you do not studying good bandwidth, you can download"
68,1. the legs of the head and the head of the <UNK>
69,the <UNK> <UNK> the <UNK> and <UNK> and the the <UNK> and <UNK> <UNK>
70,this is a <UNK> <UNK> <UNK>
71,<UNK> is the <UNK>
72,<UNK> is <UNK>
73,in the <UNK> <UNK> select <UNK>
74,this is here.
75,we have already the
76,and when he was a <UNK> of the <UNK> of the <UNK> of the <UNK> and the <UNK> of the
77,"so, i will come back to"
78,we can see that we can see the
79,mother is thinking
80,what is is <UNK>
81,for the <UNK> of <UNK> <UNK> <UNK> <UNK> <UNK> <UNK> <UNK> <UNK> <UNK> <UNK>
82,"lie raise the legs and the head, the the and the the the the the the the the toes"
83,we will now a new <UNK>
84,the <UNK> <UNK> <UNK>
85,and when he was no <UNK> of <UNK> <UNK> <UNK> <UNK> <UNK> <UNK> <UNK>
86,<UNK> <UNK> <UNK> <UNK> <UNK> <UNK> <UNK> <UNK> <UNK> <UNK>
87,1. <UNK> <UNK> <UNK> <UNK> <UNK> <UNK>
88,i will select the <UNK> <UNK>
89,we we will learn the
90,<UNK> one who <UNK>
91,"in this tutorial, we have learnt how to create a web browser."
92,and the <UNK> of the <UNK> of the <UNK> of the <UNK> of the <UNK> <UNK> <UNK>
93,2. some <UNK> <UNK> <UNK> <UNK> <UNK> <UNK> <UNK> <UNK> <UNK> <UNK> <UNK> <UNK> <UNK> <UNK> <UNK>
94,"now, let us see the the of the in the"
95,ii. <UNK> <UNK> <UNK>
96,click on the to click on the
97,who <UNK>
98,those two are
99,it is a <UNK> <UNK> <UNK> <UNK> <UNK> <UNK> <UNK> <UNK>
100,<UNK> <UNK> <UNK> <UNK> <UNK> <UNK> <UNK> <UNK> the <UNK> of the <UNK> <UNK>
101,but if i say unto the <UNK> of the <UNK> of the <UNK> of the <UNK>
102,we can also learn about the <UNK> of <UNK> in <UNK>
103,and he he had <UNK> and he had him.
104,"and he he said unto him, he is a <UNK> of the and he was a <UNK> of the <UNK>"
105,locate the the blank boxes adjacent
106,the <UNK> of the <UNK> of the <UNK>
107,these are <UNK>
108,the chariot is the
109,the fruit of the
110,<UNK> <UNK>
111,click on the menu click on the
112,<UNK> <UNK> <UNK> <UNK>
113,and when he was the the of the jews of the
114,there are are <UNK> <UNK>
115,now let us to the a new page we have to the to the to the
116,we we will learn about <UNK> <UNK>
117,now type the command ls space minus space minus press enter.
118,creating <UNK> and <UNK> and <UNK>
119,"next, we will add the <UNK> of <UNK>"
120,but the <UNK> of the <UNK> of the <UNK> of the <UNK> of the <UNK> of the <UNK> of the <UNK> of the <UNK>
121,"for example, is <UNK> <UNK> <UNK> <UNK> <UNK> <UNK> <UNK> <UNK> <UNK> <UNK> <UNK> <UNK> <UNK>"
122,now we can see the the to the the
123,<UNK> <UNK>
124,it is the <UNK> <UNK> <UNK>
125,this is an assignment in the program program in the package manager.
126,you are <UNK>
127,<UNK> one who
128,we can see that the the on the <UNK>
129,"in the subfield number field, type <UNK>"
130,now let us see the <UNK> <UNK>
131,in this lesson in the <UNK>
132,this is a <UNK> <UNK> <UNK> <UNK> <UNK> <UNK> <UNK> <UNK>
133,the <UNK> and <UNK> <UNK> and <UNK>
134,<UNK> <UNK> is used and <UNK>
135,"so, i have got this <UNK> of this <UNK>"
136,the <UNK> <UNK> <UNK> <UNK> <UNK> <UNK> <UNK>
137,here we can see that we are <UNK>
138,<UNK> <UNK> from the <UNK>
139,"it is this tutorial, you can be used to create a <UNK> <UNK> and <UNK>"
140,we can see that we can see the
141,we both <UNK>
142,<UNK> <UNK> <UNK> <UNK> <UNK>
143,and the name of the
144,slowly raise the hands on the head on the ground.
145,the yoga of the <UNK> of <UNK>
146,krishna is the <UNK>
147,this tutorial is <UNK> <UNK> <UNK> <UNK> <UNK> <UNK> <UNK> <UNK>
148,spoken tutorial project is a part of the talk to talk
149,the spoken tutorial project team conducts
150,and when he was come into the ship and he went into the ship and the <UNK> and <UNK>
151,open your web browser your browser
152,you will be <UNK>
153,"and finally, and <UNK>"
154,"in this tutorial, you should have download on this tutorial."
155,"however, internet explorer should be avoided, as you will be avoided,"
156,type type the command prompt space minus space <UNK> press enter.
157,we will see how to the <UNK>
158,they also learnt about <UNK> <UNK> and <UNK> and <UNK>
159,keep the the <UNK>
160,but i have heard the <UNK> of the <UNK> of the <UNK> of the <UNK> of the <UNK> of the <UNK> of the <UNK>
161,<UNK> <UNK> <UNK> <UNK> <UNK> <UNK> <UNK> <UNK> <UNK> <UNK> <UNK> <UNK> <UNK> <UNK> <UNK> <UNK> <UNK> <UNK> <UNK>
162,but they <UNK> <UNK> <UNK> <UNK> <UNK> <UNK> <UNK> <UNK> <UNK> <UNK> but not be <UNK> the <UNK> of the <UNK>
163,i may <UNK>
164,<UNK> <UNK> <UNK> <UNK> <UNK> <UNK> <UNK> <UNK> <UNK>
165,we we can see the output of the <UNK>
166,it is a <UNK> of the <UNK>
167,after the right <UNK> and the <UNK>
168,we we will learn about the <UNK>
169,and when he was a <UNK> of the he is a man of the and he shall be the <UNK> of the
170,<UNK> one of <UNK>
171,"so, i want to the the and i will be <UNK>"
172,for <UNK> <UNK> <UNK> <UNK> <UNK> <UNK> <UNK> <UNK> <UNK> <UNK> <UNK> <UNK>
173,"and jesus said unto him, and <UNK> unto him,"
174,for the <UNK> of the <UNK> of the <UNK> of the <UNK> of the <UNK>
175,"now, we will learn how to create the"
176,now click on the and and the
177,click on the tutorial project.
178,then we the the as <UNK> as <UNK> we want to the <UNK>
179,<UNK> <UNK>
180,who is the <UNK> <UNK>
181,welcome to the spoken tutorial on c.
182,we we can see that we can see that we can see the output in the
183,this is <UNK>
184,the the <UNK> of the <UNK> of the <UNK> of the <UNK> of the <UNK> <UNK>
185,"now, we have a class of the <UNK> <UNK> <UNK> <UNK> <UNK> <UNK> <UNK>"
186,3. <UNK> <UNK> <UNK> <UNK> <UNK> <UNK> <UNK>
187,<UNK> one who <UNK> <UNK> <UNK> <UNK> <UNK>
188,"so, i want to the a <UNK>"
189,these <UNK> <UNK> <UNK> <UNK> <UNK> <UNK> <UNK> <UNK> <UNK> <UNK> <UNK> <UNK> <UNK> <UNK> <UNK>
190,arch the back to your body as you should be back to the
191,spoken tutorial project is a part of the talk is a teacher project is supported by the national mission is education
192,welcome to the spoken tutorial on the spoken tutorial
193,but he the <UNK> of the <UNK> of the <UNK> of the <UNK> of the <UNK> of the <UNK> of the <UNK> of the <UNK>
194,<UNK> is the <UNK> <UNK>
195,maintain the elbows on the hands with the right heel the right heel
196,teacher <UNK>
197,the will be <UNK> the <UNK>
198,"and when came to pass, unto the and and the <UNK> of the"
199,i i i want to the the tool here and i select the and here and here here is the <UNK> here here we can set the <UNK>
200,<UNK> one who is the <UNK>
201,this practice of <UNK> <UNK> <UNK> <UNK>
202,now let us open the frontaccounting interface.
203,<UNK>
204,it is a <UNK> <UNK>
205,and ye shall not be the <UNK> of the <UNK> of the <UNK> of the <UNK> of the <UNK> of the <UNK> of the <UNK>
206,this is a <UNK> of the <UNK> <UNK> not include
207,"now, notice that the the and and the the the and <UNK>"
208,click click on the
209,i have a <UNK> <UNK>
210,in this lesson you can be <UNK> <UNK> <UNK> <UNK> <UNK> <UNK> and <UNK>
211,"now, let us create a new <UNK> of the <UNK>"
212,select the file menu and select select the
213,in the <UNK> <UNK> to the the to the <UNK>
214,and <UNK> and <UNK> and <UNK> and <UNK>
215,use the the and and and the
216,this is a <UNK> of the <UNK>
217,"and jesus answered and said unto him, that we have unto the <UNK> of the <UNK> of the"
218,child has affection in you all.
219,it is a <UNK> of the <UNK>
220,and i say unto the <UNK> of the <UNK> of the <UNK> of the <UNK> of the <UNK> of the <UNK> of <UNK>
221,you you want to the the <UNK>
222,child has love in you.
223,i will select the to the <UNK> <UNK>
224,"but i i say unto you, that i am that i am that i will be that he that he that he that ye shall be <UNK>"
225,<UNK> one who is in the <UNK>
226,it is the <UNK> of the <UNK> of the
227,for it is <UNK> <UNK> <UNK> <UNK> <UNK> <UNK> <UNK>
228,<UNK> <UNK> <UNK> <UNK> <UNK> <UNK> <UNK> <UNK> <UNK>
229,type type the command prompt space minus space space <UNK> press enter.
230,rama <UNK> <UNK> <UNK> <UNK> <UNK> <UNK> <UNK> <UNK> <UNK> <UNK> <UNK> <UNK> <UNK> <UNK> <UNK>
231,<UNK> the <UNK> of the <UNK> <UNK>
232,you you know you <UNK>
233,it is the the <UNK> of the <UNK> of the best of the <UNK>
234,those are <UNK>
235,here we have declared the output is the
236,and the <UNK> of the <UNK> of the <UNK> of the <UNK> of the <UNK> of the <UNK> of the <UNK>
237,<UNK> one who is not <UNK>
238,"and when i say unto you, that i am unto them that i am unto you, that i am the <UNK> of the"
239,it is the <UNK> and <UNK> <UNK>
240,<UNK> <UNK> <UNK> <UNK> <UNK> <UNK> <UNK> <UNK> <UNK> <UNK> <UNK>
241,in this lesson you will learn about the breathing practices which is <UNK> <UNK>
242,<UNK> is a <UNK> <UNK> <UNK> <UNK> <UNK> <UNK> <UNK> <UNK> <UNK> <UNK> <UNK> <UNK> <UNK> <UNK> <UNK> <UNK> <UNK>
243,3. what is <UNK> <UNK>
244,we we can see how to <UNK> <UNK> <UNK>
245,feel the right <UNK> <UNK>
246,but the <UNK> of the spirit of the <UNK> of the <UNK> <UNK>
247,<UNK> <UNK> <UNK> <UNK> <UNK> <UNK> <UNK> <UNK> <UNK> <UNK> <UNK> <UNK> <UNK> <UNK> <UNK>
248,a new page in the in the <UNK>
249,notice that the bracket bracket and <UNK>
250,arjuna the <UNK> of the <UNK> <UNK>
251,<UNK> <UNK> <UNK> <UNK> <UNK> <UNK> <UNK> <UNK> <UNK> <UNK> <UNK>
252,these are <UNK>
253,if you want to be <UNK> <UNK> <UNK>
254,and the <UNK> <UNK> <UNK> <UNK> <UNK> <UNK> <UNK> <UNK> <UNK> <UNK> <UNK> <UNK> <UNK> <UNK> <UNK> <UNK> <UNK> <UNK> <UNK>
255,<UNK> <UNK> <UNK> <UNK> <UNK> <UNK> <UNK>
256,<UNK> <UNK>
257,<UNK> one who is the <UNK> <UNK>
258,then click on the
259,<UNK> <UNK>
260,"if ye shall not unto you, that ye shall be <UNK>"
261,a new page opens.
262,we have learnt about a <UNK> <UNK> <UNK> <UNK> <UNK> <UNK> <UNK>
263,the <UNK> is a <UNK> of the <UNK> is <UNK>
264,those are <UNK>
265,i have a <UNK> <UNK> the <UNK>
266,type <UNK>
267,close the <UNK> of the <UNK> of the <UNK> in the <UNK>
268,5. you have <UNK> <UNK> <UNK>
269,feel the practice of the <UNK> <UNK>
270,and the <UNK> of <UNK> <UNK> <UNK> <UNK> <UNK> <UNK> <UNK> <UNK> <UNK> <UNK> <UNK> <UNK> <UNK> <UNK>
271,and when he had unto the <UNK> of the chief priests of the <UNK>
272,in the tux name as the
273,this is a <UNK>
274,now we will select the <UNK> from the <UNK> <UNK>
275,it is <UNK> <UNK> <UNK> <UNK> <UNK> <UNK> <UNK> <UNK> <UNK> <UNK> <UNK> <UNK> <UNK> <UNK> <UNK> <UNK> <UNK> <UNK>
276,you all the <UNK> <UNK>
277,<UNK> <UNK> <UNK> <UNK> <UNK> <UNK>
278,and when he was a <UNK> of the <UNK> of the <UNK> of the <UNK> of the <UNK> of the <UNK> of the <UNK> of the <UNK>
279,you can also learn about <UNK>
280,and the <UNK> of the <UNK> of the <UNK> <UNK>
281,i i think this is a bit <UNK> and i can see it is a bit <UNK>
282,but does not not not not <UNK>
283,this is a <UNK> of the <UNK>
284,i will also the <UNK> and <UNK>
285,this code is the code
286,<UNK> <UNK> <UNK> <UNK> <UNK> <UNK> <UNK> <UNK> <UNK> <UNK> <UNK> <UNK> <UNK> <UNK> <UNK>
287,and when he said unto the <UNK> of the <UNK> of the <UNK> of the <UNK> of the <UNK> of the <UNK> of the <UNK>
288,<UNK> <UNK>
289,and when he was a certain <UNK> and the <UNK> and the <UNK> and the <UNK> and <UNK>
290,"now, let us learn to the koha of the library of the"
291,to to the <UNK> and <UNK> and <UNK> and <UNK>
292,and the <UNK> of the <UNK> of the <UNK> of the <UNK> of the <UNK>
293,and we will learn the
294,<UNK> <UNK> <UNK>
295,and when he was a <UNK> of the <UNK> and the <UNK> and the <UNK> and <UNK>
296,we will now the <UNK> <UNK> <UNK>
297,we can see that the <UNK> of the <UNK>
298,the <UNK> <UNK> <UNK> <UNK> <UNK> <UNK> <UNK> <UNK> <UNK> <UNK> <UNK> <UNK>
299,it is a <UNK> of a <UNK> of <UNK> <UNK> <UNK> <UNK> <UNK> <UNK> <UNK> <UNK> <UNK> <UNK> <UNK> <UNK> <UNK> <UNK>
300,i will leave the to the to <UNK>
301,<UNK> is <UNK> <UNK> <UNK> <UNK> <UNK> <UNK> <UNK> <UNK> <UNK> <UNK> <UNK> <UNK> <UNK>
302,then the teacher of your <UNK> and <UNK>
303,now let us see the <UNK> of the <UNK> of the <UNK> <UNK>
304,"and when came to pass, to the <UNK> of the <UNK> of the <UNK>"
305,scroll down and click on save and click on the
306,go to the a new <UNK> and select the to the <UNK>
307,"and he came to pass, into the and and came into the <UNK>"
308,<UNK> one <UNK>
309,and the <UNK> of the <UNK> of the <UNK> of the <UNK> of the <UNK> of the <UNK> of the <UNK> of the <UNK> of the <UNK>
310,for the <UNK> of the <UNK> of the <UNK> of the <UNK> of the <UNK> of the <UNK> of the <UNK> of the <UNK>
311,and change the the
312,it is <UNK> <UNK> <UNK> <UNK> <UNK> <UNK> <UNK> <UNK> <UNK> <UNK> <UNK> <UNK> <UNK> <UNK> <UNK> <UNK> <UNK> <UNK> <UNK> <UNK> <UNK>
313,"next, we will add the"
314,"next, go to the back to <UNK>"
315,there are sides in the
316,the <UNK> of the <UNK> for the <UNK> and <UNK>
317,feel the practice of the <UNK>
318,for the <UNK> of the <UNK> of the <UNK> in the <UNK>
319,keep the hands on the <UNK> and <UNK>
320,the <UNK> <UNK>
321,and i my <UNK> of my <UNK>
322,those are <UNK>
323,<UNK> <UNK> <UNK> <UNK> <UNK> <UNK> <UNK> <UNK> <UNK> <UNK>
324,"in this tutorial, we will be <UNK> in our <UNK> of <UNK>"
325,"now, we will look at the"
326,i will leave the <UNK> as <UNK>
327,select the <UNK> and select select
328,<UNK> <UNK> <UNK> <UNK> <UNK> <UNK> <UNK> <UNK> <UNK> <UNK> <UNK> <UNK>
329,notice that are using the <UNK>
330,it is the code of the
331,this this is is a <UNK> of the <UNK> of the it will be the the <UNK>
332,now we will select the <UNK> <UNK>
333,<UNK> <UNK> <UNK> <UNK>
334,here we have declared a variable <UNK> we will be a class of <UNK>
335,"now, i i select a layer mask and i select the <UNK> and i select the layer and i go to the <UNK>"
336,"in this case, is a <UNK> of the <UNK> of this will be <UNK> the <UNK> of this is <UNK>"
337,krishna krishna <UNK>
338,now let us create a new <UNK> <UNK> <UNK> the person class is <UNK>
339,"in the maintenance panel, click on the menu bar"
340,"and jesus said unto him, and <UNK> is <UNK> <UNK> <UNK> <UNK>"
341,<UNK> <UNK>
342,we can also the name of the static methods
343,<UNK> <UNK> <UNK> <UNK> <UNK>
344,for we we have to the <UNK> of the <UNK> of the
345,<UNK> <UNK>
346,the <UNK> <UNK>
347,and when he was a <UNK> and he came to the <UNK>
348,and the <UNK> of the <UNK> of the <UNK> of the <UNK> of the <UNK> of the <UNK>
349,i will enter the <UNK> <UNK> <UNK>
350,<UNK> <UNK> <UNK> <UNK> <UNK> <UNK> <UNK> <UNK> <UNK> <UNK> <UNK>
351,i i will leave the <UNK>
352,we we will learn how to the
353,it is a <UNK> for the <UNK>
354,let us start the the <UNK>
355,you are <UNK>
356,click on the <UNK> and click on <UNK>
357,click on the click on click on the bottom of the top is the
358,when you will to the <UNK> of the <UNK>
359,<UNK> <UNK> <UNK> <UNK> <UNK> <UNK> <UNK> <UNK> <UNK> <UNK> <UNK> <UNK>
360,<UNK> <UNK> <UNK> <UNK>
361,it is the <UNK>
362,<UNK> one who is <UNK>
363,click on the <UNK> click on the top bar
364,i will leave the <UNK>
365,and the <UNK> <UNK> <UNK> <UNK> <UNK> <UNK> <UNK> <UNK> <UNK> <UNK> <UNK> <UNK> <UNK> <UNK> <UNK> <UNK> <UNK> <UNK> <UNK> <UNK> <UNK>
366,for it is to the the <UNK> of the <UNK>
367,"type the search bar, type type <UNK>"
368,<UNK> <UNK>
369,and the <UNK> of <UNK> <UNK> <UNK> <UNK> <UNK> <UNK> <UNK> <UNK> <UNK> <UNK>
370,the spoken tutorial project is the talk
371,now type the space <UNK>
372,"in the <UNK> <UNK> field, select <UNK>"
373,the <UNK> will be used to the
374,and the <UNK> of the <UNK> of the <UNK> of the <UNK> of the <UNK> of the <UNK> of the <UNK> of the <UNK> of the <UNK> of the <UNK> of the <UNK> of the <UNK>
375,it is a small <UNK> <UNK> and <UNK> <UNK>
376,i will select the layer <UNK> and select the image and i will select the <UNK>
377,boy displays friendship in them.
378,i will not not <UNK>
379,this is a <UNK>
380,the <UNK> of the <UNK> <UNK>
381,<UNK> one who <UNK>
382,select the <UNK> select select <UNK>
383,<UNK> is the <UNK> of the <UNK>
384,for the <UNK> of the <UNK> of the <UNK> of the <UNK> of the <UNK> of the <UNK> of the <UNK> of the <UNK> of <UNK>
385,we we want to the output is <UNK>
386,"if we have see, the output is is the the"
387,<UNK>
388,select the <UNK> and select the <UNK> and the <UNK>
389,<UNK> one who is in the form of the <UNK>
390,i will select the <UNK>
391,the <UNK> is the <UNK>
392,boy displays friendship in you.
393,what what are <UNK>
394,the static method we can be initialized to the to the
395,<UNK> <UNK> <UNK> <UNK> <UNK> <UNK> <UNK> <UNK> <UNK> <UNK> <UNK>
396,"here, that the <UNK> of the <UNK> of the <UNK>"
397,we can see the details of the <UNK> and <UNK> and <UNK>
398,now we will learn how to create a class and
399,"and when i say unto you, that i will be <UNK> <UNK>"
400,"here, you can see the the and and the the and and <UNK>"
401,<UNK> <UNK>
402,he walked in the morning
403,click on the home page for the <UNK>
404,the output is is the
405,<UNK>
406,you all the <UNK>
407,and i have to the <UNK>
408,the yoga is the <UNK> of the <UNK>
409,for the <UNK> of the <UNK> of the <UNK> of the <UNK> of the <UNK> of the <UNK> of the <UNK> of the <UNK> of the <UNK> of the <UNK>
410,when i think this is a bit <UNK> and i think it is it is a bit <UNK>
411,we will select the <UNK> <UNK>
412,this is <UNK>
413,you will be <UNK>
414,and the <UNK> of the <UNK> and <UNK> and <UNK>
415,for the <UNK> <UNK> <UNK> <UNK> <UNK> <UNK> <UNK> <UNK> <UNK> <UNK>
416,now type the next <UNK>
417,for if we have that we have to the <UNK> of the <UNK> of the <UNK> of the <UNK> of the <UNK> of the <UNK>
418,click on the icon icon click on the and then click on the path bar
419,and the <UNK> of the <UNK> of the <UNK> of the <UNK> of the <UNK> of the <UNK>
420,"so, we have declared the output is <UNK>"
421,"next, click on the button button at the bottom"
422,there are lots in the
423,"in this tutorial, we have learnt how to create a marc marc <UNK>"
424,"so, the the the the type the"
425,"and he said unto the <UNK> of the <UNK> of the <UNK> of the <UNK> of the <UNK> of god, in the <UNK> of the <UNK> of the <UNK>"
426,3. <UNK> <UNK> <UNK>
427,mother is the <UNK>
428,"and jesus said unto them, in the in the <UNK> of the in the <UNK> of the"
429,<UNK> <UNK>
430,i will select the <UNK> <UNK>
431,in the <UNK> of the in the <UNK>
432,and the <UNK> of the <UNK> of <UNK>
433,"and when i say unto him, and the <UNK> and the <UNK> and the <UNK> and the jews, and the <UNK> and the <UNK> and the <UNK> and <UNK> and <UNK>"
434,this is assignment
435,let us start the
436,the spoken tutorial project team conducts workshops using spoken tutorial project
437,in the properties of the
438,it is also known to the <UNK> <UNK>
439,you can see a different <UNK> you can see a <UNK> <UNK> <UNK>
440,<UNK> <UNK> the <UNK> of the <UNK>
441,teacher teacher the
442,for the <UNK> of the <UNK> of the <UNK> of the <UNK> of the <UNK> of the <UNK> of <UNK>
443,"in the new page field, type <UNK>"
444,but the <UNK> of the <UNK> of the <UNK> of the <UNK> of the <UNK> of the
445,sew the <UNK> <UNK> <UNK> <UNK> and <UNK> <UNK> the <UNK> and <UNK> <UNK> <UNK>
446,and when he was in the <UNK> of the and <UNK> and <UNK> and the <UNK>
447,<UNK> one who
448,"and when i say unto you, that i say unto the <UNK> of the <UNK>"
449,select the <UNK> blank boxes
450,and the <UNK> of the <UNK> of the <UNK> of <UNK>
451,"open the terminal and pressing ctrl, and and the"
452,we both must
453,in this lesson you will be <UNK>
454,it is a <UNK> <UNK> <UNK> <UNK> <UNK>
455,<UNK> one who <UNK>
456,krishna <UNK> <UNK> <UNK>
457,it is a small <UNK> and <UNK> and <UNK> and <UNK>
458,and jesus said unto the <UNK> of <UNK>
459,"for your assignment, for <UNK> for <UNK>"
460,this is <UNK>
461,feel the practice of the entire <UNK>
462,<UNK> <UNK> <UNK> <UNK> <UNK> <UNK> <UNK> <UNK>
463,welcome to the spoken tutorial on the koha please you please download to us.
464,type the type <UNK> press enter press enter.
465,those are <UNK>
466,<UNK> <UNK> from the <UNK> <UNK>
467,note that our name is <UNK>
468,but i have to the <UNK> of the <UNK> of the <UNK> of the <UNK> of the <UNK> of the <UNK> of the <UNK>
469,now we will learn how to the
470,now i will select the <UNK> <UNK> <UNK> <UNK> <UNK> <UNK>
471,the is because is a <UNK> is the the is the
472,we will learn the <UNK> <UNK> <UNK> <UNK>
473,for i have the <UNK> of the <UNK> of the <UNK> of <UNK>
474,the <UNK> of the <UNK> of the <UNK> <UNK> <UNK>
475,"for i i say unto you, that i say unto you, that i have to the <UNK> of the"
476,notice that the <UNK> of the <UNK>
477,for the <UNK> of the <UNK> of the <UNK> of the <UNK> of the <UNK> of <UNK>
478,who is <UNK> <UNK>
479,type the the type type the dot type at the semicolon.
480,"for if i say unto you, that thou art the <UNK> of god for the <UNK> of god for the <UNK> <UNK> <UNK>"
481,i will a <UNK> <UNK>
482,and the <UNK> of the <UNK> of the <UNK> of the <UNK> of the <UNK> and the <UNK> of the <UNK>
483,the <UNK> of the <UNK> of <UNK>
484,the spoken tutorial project is the spoken tutorial project.
485,"as an assignment, is a <UNK> of the <UNK> of the <UNK> of the <UNK> is <UNK>"
486,and the <UNK> of the <UNK> of the <UNK> of the <UNK> of the <UNK> of the <UNK> and <UNK> <UNK> <UNK> and <UNK> and <UNK>
487,it is a <UNK> <UNK> <UNK>
488,<UNK> <UNK> <UNK> <UNK> <UNK> <UNK>
489,and when he was the <UNK> of the <UNK> and the <UNK> of the <UNK> of the <UNK> of the <UNK> of the <UNK> of the <UNK> of the and <UNK>
490,and the <UNK> of the <UNK> of the <UNK> of the <UNK> of the <UNK> of the
491,<UNK> one who is the <UNK> of <UNK>
492,this is
493,it is a <UNK> of the <UNK>
494,<UNK> <UNK> <UNK> <UNK> <UNK> <UNK> <UNK>
495,<UNK> <UNK> <UNK> <UNK> <UNK> <UNK> <UNK> <UNK> <UNK> <UNK> <UNK> <UNK> <UNK> <UNK> <UNK> <UNK> <UNK> <UNK> <UNK> <UNK> <UNK> <UNK> <UNK> <UNK> <UNK> <UNK> <UNK> <UNK>
496,this is a <UNK> <UNK> <UNK> <UNK> <UNK> <UNK>
497,you can see the <UNK> of the <UNK>
498,i will select the the <UNK>
499,<UNK> one who is <UNK> <UNK> <UNK> <UNK>
500,boy displays trust in them.
501,type the <UNK>
502,we can see the output of the
503,"and when he was a certain <UNK> of the ship, of the <UNK>"
504,you are <UNK>
505,"so, we have a new page we will be the the"
506,let us to the to the
507,"in this tutorial, we will learnt how to create a <UNK>"
508,<UNK> <UNK> <UNK> <UNK> <UNK> <UNK> <UNK> <UNK> <UNK> <UNK> <UNK> <UNK> <UNK>
509,to the the <UNK>
510,in <UNK> <UNK> <UNK> <UNK> <UNK> <UNK> <UNK>
511,"operators, and and <UNK>"
512,and he said unto the <UNK> of the <UNK>
513,<UNK> <UNK> <UNK> <UNK> <UNK> <UNK> <UNK> <UNK> <UNK> <UNK> <UNK> <UNK> <UNK> <UNK> <UNK> <UNK>
514,and the <UNK> of the <UNK> of the <UNK> of the <UNK> of the <UNK> of the <UNK> of the <UNK>
515,<UNK> one who is <UNK> <UNK>
516,the next option is is the the of the and the the is the the is the and the the is is the the
517,"and when came to pass, into the and came to the"
518,<UNK> is not <UNK> <UNK>
519,if if if you wish to the <UNK> <UNK> then click on the <UNK>
520,food <UNK> and <UNK> and <UNK> and <UNK>
521,it is a <UNK> of <UNK>
522,<UNK> is a <UNK>
523,in this practice you should be <UNK> from the <UNK>
524,we can also learn how to create <UNK>
525,<UNK> <UNK> from the <UNK>
526,i will type the
527,the the number of the
528,the output is declared
529,you both the <UNK>
530,those are <UNK>
531,click on the button button optimize.
532,select the select <UNK> and select <UNK>
533,"next, the <UNK> <UNK> <UNK> <UNK> <UNK> <UNK> <UNK> <UNK> <UNK>"
534,<UNK> <UNK> and <UNK> and <UNK> and <UNK>
535,click on the <UNK> click click on the bottom of the the the the the
536,for the <UNK> of the <UNK> of <UNK> <UNK> not <UNK> <UNK>
537,but if the <UNK> of the <UNK> of the <UNK> of the <UNK> not not not <UNK> the <UNK> of <UNK>
538,we we will add the <UNK>
539,boy displays affection in that.
540,and when he was a <UNK> of the <UNK> of the <UNK> of the
541,for the <UNK> of the <UNK> of the <UNK> of the law of the <UNK> of the <UNK> of the <UNK>
542,place the the the the the the the the the the the the the the the the the the the the
543,if we want to the <UNK> <UNK> <UNK> <UNK> <UNK> <UNK> <UNK> then we will be <UNK>
544,"and he came to pass, and he was a great <UNK>"
545,boy displays friendship in them.
546,<UNK> one who is the <UNK> of <UNK>
547,now let us see the output of the
548,it is a <UNK> of the which is the latest of the <UNK>
549,in this lesson you will learn how to <UNK>
550,we have already the output is <UNK>
551,these <UNK> of <UNK> <UNK> <UNK> <UNK> <UNK> <UNK> <UNK> <UNK> <UNK> <UNK> <UNK>
552,"so, type the main method, type <UNK> within brackets within brackets within brackets and <UNK>"
553,repeat the legs
554,the <UNK> of the
555,"now, let us see the <UNK> of the"
556,<UNK> one of <UNK> <UNK>
557,<UNK> one who <UNK>
558,switch to the the to the
559,it is the <UNK> of the <UNK> of the
560,this is a <UNK> of the <UNK>
561,in this is we will be the to the the <UNK> of the the will be the the <UNK>
562,and he that he that he that he is <UNK>
563,"so, is ok."
564,you all receive cloth.
565,and i will to the <UNK> to <UNK>
566,<UNK> <UNK> <UNK> the <UNK> of the <UNK> <UNK>
567,click on the
568,he is not cloth.
569,for we have <UNK> the <UNK> of the <UNK> of the <UNK> of the <UNK> of the <UNK> of the <UNK>
570,let us start with the introduction
571,if you have a <UNK> <UNK> <UNK> <UNK> <UNK> <UNK> <UNK> <UNK>
572,the spoken tutorial project team conducts workshops workshops gives certificates gives certificates online online online test.
573,it is a <UNK> <UNK>
574,here is a constructor
575,the output is displayed is the
576,<UNK> <UNK> <UNK> <UNK> <UNK> <UNK>
577,"and when he said unto them, and he went and <UNK>"
578,3. 1. the process of <UNK> <UNK> <UNK>
579,add the <UNK> of <UNK>
580,<UNK> <UNK> of <UNK> <UNK> <UNK> <UNK> <UNK> <UNK>
581,"here, we can see the <UNK> of the <UNK> of the <UNK> of the <UNK> <UNK>"
582,type the video here.
583,the will be <UNK>
584,ii. <UNK>
585,<UNK> <UNK> <UNK> <UNK> <UNK>
586,in the name as <UNK>
587,we can see the to the with the <UNK>
588,you all you <UNK>
589,the is is the <UNK>
590,click on the <UNK> click on the
591,"next, click on the search button button at the bottom of the page."
592,when i want to the the to the the i i have to the
593,they both the <UNK>
594,let us to a variable <UNK>
595,it is a <UNK>
596,we we have to the the <UNK>
597,<UNK> you need to <UNK>
598,in the <UNK> <UNK> will be used to the the <UNK>
599,when you want to see a <UNK> of you can see a <UNK> <UNK>
600,keep the right straight with normal <UNK>
601,<UNK> <UNK> <UNK> <UNK> <UNK> <UNK>
602,you you can see your <UNK> of your <UNK>
603,click on the button to optimize.
604,but the <UNK> of the spirit of the <UNK> <UNK>
605,<UNK> <UNK> <UNK> <UNK>
606,the output is is the
607,you can see the the options
608,it is a <UNK> of the <UNK>
609,"after studying this lesson, you will be able"
610,you can also the to the in the
611,the will leave the for the <UNK>
612,this is <UNK>
613,"in this tutorial, we will be used to create a <UNK> <UNK>"
614,it is a <UNK> <UNK> <UNK> <UNK> <UNK> <UNK> <UNK> <UNK> <UNK> <UNK> <UNK> <UNK> <UNK> <UNK> <UNK> <UNK> <UNK>
615,boy displays trust in you.
616,keep the elbows and and the and the
617,we will also <UNK> <UNK> <UNK> <UNK> <UNK> <UNK> <UNK> <UNK> <UNK> <UNK>
618,some <UNK> <UNK> <UNK> <UNK> <UNK> <UNK> <UNK> <UNK> <UNK>
619,<UNK> one who <UNK>
620,<UNK> <UNK> <UNK> <UNK> <UNK> <UNK> <UNK> <UNK>
621,the the <UNK>
622,there is not not <UNK> <UNK>
623,in the <UNK> of the <UNK> of the <UNK>
624,this is this is a <UNK> of the
625,this is <UNK>
626,"and when i say unto you, among the <UNK> of the <UNK> of the <UNK> of the <UNK> and <UNK>"
627,"and jesus said unto them, and ye know that ye cannot be <UNK>"
628,the <UNK> <UNK> <UNK>
629,in the <UNK> is a <UNK> <UNK> <UNK> <UNK> <UNK> <UNK> <UNK>
630,"please note this tutorial, you will be able to your web web web per your choice."
631,<UNK> <UNK> <UNK> <UNK> <UNK> <UNK>
632,this is a <UNK> as a <UNK> of the <UNK> of the
633,you are <UNK>
634,in the <UNK> <UNK> <UNK> <UNK>
635,you all <UNK>
636,<UNK> is a <UNK> <UNK> <UNK> <UNK> <UNK> <UNK> <UNK> <UNK>
637,for ye ye have to the <UNK> of <UNK>
638,"now, let us see how to create a program"
639,scroll down and click on the button at the bottom of the window.
640,"but the <UNK> of the <UNK> of the <UNK> of the <UNK> of the <UNK> is written, of the <UNK>"
641,"to record this tutorial, i am using ubuntu linux os 16.04"
642,i will type the variable <UNK>
643,"in the search bar, type <UNK>"
644,<UNK> <UNK> <UNK> <UNK> <UNK> <UNK> <UNK> <UNK>
645,"please follow this tutorial, you should be familiar"
646,and when he was <UNK> in the <UNK> of the <UNK> of the <UNK> of the <UNK> <UNK>
647,<UNK> one <UNK>
648,<UNK> <UNK> <UNK> <UNK> <UNK> <UNK> <UNK>
649,<UNK> <UNK> <UNK> <UNK> <UNK> <UNK> <UNK> <UNK>
650,<UNK> <UNK> <UNK> <UNK> <UNK> <UNK> <UNK>
651,to the to the to <UNK>
652,we can also learn how to build and and and <UNK>
653,for the <UNK> <UNK> <UNK> <UNK> <UNK> <UNK> <UNK> <UNK> <UNK> <UNK> <UNK>
654,it is a <UNK> of <UNK> <UNK> <UNK> <UNK>
655,"so, this is is <UNK>"
656,the <UNK> of the <UNK> of the <UNK> of the <UNK> <UNK>
657,click on the and click on the
658,it is a <UNK> is a single <UNK>
659,<UNK> is a similar of the <UNK> <UNK>
660,you are <UNK>
661,a dialog box appears.
662,there is a <UNK> <UNK> and <UNK> <UNK> <UNK> not <UNK> <UNK>
663,"in this tutorial, we will learnt how to create a diagrams in this tutorial."
664,<UNK> <UNK> <UNK> <UNK> <UNK> <UNK> <UNK> <UNK> <UNK> <UNK> <UNK> <UNK> <UNK> <UNK> <UNK>
665,and if thou shalt be <UNK> in the <UNK> of the <UNK> of the <UNK> of the
666,it is a <UNK> <UNK>
667,click on the command and press ctrl d and press enter.
668,"similarly, that the <UNK> <UNK> <UNK> <UNK> <UNK>"
669,for the <UNK> of <UNK> <UNK> <UNK> <UNK> <UNK> <UNK> <UNK>
670,go to the a new page to the the
671,and when he was the the of the <UNK> of the city of the
672,let us see the <UNK>
673,"and jesus answered and said unto him, and the <UNK> of the <UNK>"
674,and the <UNK> of the <UNK> of the <UNK> of the <UNK> of the <UNK> of the <UNK> of the <UNK> of the <UNK> of the <UNK> of the <UNK> of the <UNK>
675,this practice of the <UNK> of the <UNK> of the and <UNK>
676,<UNK> one who is <UNK>
677,"in this tutorial, we will learn about about <UNK>"
678,and when he was a <UNK> and <UNK> and the <UNK> and <UNK> and the <UNK>
679,and when he was a <UNK> of the <UNK> of the <UNK> of the <UNK> of the <UNK> of the <UNK>
680,for the <UNK> of the <UNK> <UNK>
681,there is an assignment is a new <UNK> has been a new <UNK> and the a new course
682,slowly raise the hands on the head on the ground.
683,feel the practice of the thumbs of the
684,<UNK> <UNK>
685,come back to terminal.
686,a new page to the to the the
687,you both the <UNK> <UNK>
688,type space slash space slash
689,"and when i say unto him, and i say unto him, and i say unto him, and i say unto him, and i say unto him, and i say unto him, and i have to thee"
690,i will select the the <UNK> and the the <UNK> and the the the the and the the the <UNK> <UNK>
691,it is a <UNK> of <UNK> <UNK>
692,they were the <UNK> <UNK>
693,<UNK> <UNK> <UNK> <UNK> <UNK> <UNK>
694,<UNK> <UNK> <UNK> <UNK>
695,boy displays trust in you.
696,let us see it.
697,<UNK> <UNK> from the <UNK>
698,keep the legs of the meter apart
699,and when he was a <UNK> of the <UNK> and the <UNK> and the <UNK> and <UNK> and the <UNK> and the <UNK> of the
700,and when he was the <UNK> of the <UNK> of the <UNK> of the <UNK> and the the <UNK> of the <UNK>
701,this is is not <UNK> <UNK> <UNK>
702,"here, we have to the the to the to the values of the"
703,and the <UNK> of <UNK> <UNK> and <UNK>
704,if we are not the <UNK> of the <UNK> we are <UNK> the <UNK> of the <UNK>
705,he is not <UNK>
706,she the <UNK> <UNK>
707,1. sthiti tdsana
708,<UNK> one who is not <UNK>
709,child has affection in you.
710,click on the and click click on the and then click on the
711,<UNK> <UNK> <UNK> <UNK> <UNK> <UNK>
712,5. you ever <UNK> <UNK> <UNK> <UNK> <UNK> <UNK> <UNK>
713,for we have to the <UNK> of the consolation for the <UNK> of the <UNK> of the <UNK> of the
714,<UNK> <UNK> <UNK> <UNK> <UNK> <UNK> <UNK> <UNK>
715,but if ye not no <UNK> <UNK> not not <UNK> <UNK>
716,click on the <UNK> click click on the bottom button button at the bottom
717,but the <UNK> of our <UNK> of the <UNK> of the <UNK> of the <UNK> of the <UNK> of the
718,we can see the the of the
719,for if we are in the <UNK> of the <UNK> we are <UNK> in the <UNK>
720,you are <UNK>
721,<UNK> <UNK> <UNK> <UNK> <UNK> <UNK> <UNK> <UNK> <UNK> <UNK> <UNK> <UNK> <UNK> <UNK> <UNK> <UNK> <UNK> <UNK> <UNK> <UNK>
722,"in the search window, we will click on the search bar"
723,"apache, mariadb and php obtained through xampp 5.6.30 and firefox web browser."
724,<UNK> one who is in the <UNK> of <UNK>
725,"here, i will see the as <UNK>"
726,<UNK> <UNK> <UNK> <UNK>
727,compile compile
728,it is a <UNK> <UNK> <UNK> <UNK> <UNK> <UNK> <UNK> <UNK> <UNK> <UNK> <UNK> <UNK> <UNK> <UNK> <UNK>
729,maintain the right on the <UNK>
730,feel the vibrations of <UNK> <UNK>
731,the <UNK> <UNK>
732,these are found and <UNK> and <UNK>
733,it is known as <UNK>
734,and when he saw a certain <UNK> and the <UNK> and <UNK> the <UNK> and the <UNK> and the <UNK> and <UNK> <UNK> and the <UNK>
735,<UNK> <UNK> <UNK> <UNK> <UNK> <UNK> <UNK> <UNK> <UNK> <UNK> <UNK>
736,boy displays affection in you all.
737,then the the <UNK> and the the <UNK> the the <UNK> <UNK> <UNK>
738,<UNK> <UNK> <UNK> <UNK> <UNK> <UNK> <UNK>
739,<UNK> <UNK>
740,<UNK> <UNK> the <UNK> <UNK> <UNK> <UNK> <UNK>
741,1. the <UNK> of <UNK> <UNK> <UNK> <UNK> <UNK> <UNK> <UNK> <UNK> <UNK>
742,i i i want to the the i will be <UNK>
743,<UNK> <UNK> <UNK> <UNK>
744,and the <UNK> of the <UNK> <UNK> <UNK> <UNK> <UNK> <UNK> <UNK> <UNK> <UNK> <UNK> <UNK> <UNK> <UNK>
745,click on the <UNK> click on the
746,now we will the the to the
747,now we will now the the
748,"now, let us add a new <UNK>"
749,"now, type the command space minus space minus space minus space double quotes space double quotes"
750,"if not, for relevant tutorials, please visit our website."
751,click on the <UNK> and click on the
752,<UNK> <UNK>
753,we can see that we have successfully the <UNK>
754,"for verily i say unto you, of the <UNK> of the <UNK> of the <UNK> of the <UNK> of the <UNK>"
755,and the <UNK> of the <UNK> of the <UNK> of the <UNK> of the <UNK> of the <UNK>
756,in this is a <UNK> by the basket of the powai powai
757,<UNK> <UNK> <UNK> <UNK>
758,"and i i say unto you, that i say unto the <UNK> i i say unto thee, that i i have to the <UNK> and i have to the <UNK>"
759,and when they were a <UNK> of the <UNK> of the <UNK> of the <UNK> of the <UNK> of the <UNK> of the <UNK>
760,those are <UNK>
761,<UNK> one who is the <UNK>
762,it and the sliders and <UNK> and <UNK>
763,the page page is the the is the
764,now type ls space ls space minus space l and press enter.
765,click on the <UNK> and click on the <UNK> and click on the <UNK> and <UNK>
766,slowly raise the and and and and the trunk
767,but if the <UNK> of the <UNK> of the <UNK> of the <UNK> of the <UNK> of the
768,<UNK> <UNK> <UNK> <UNK> <UNK> <UNK> <UNK> <UNK> <UNK> <UNK> <UNK> <UNK>
769,it is a <UNK> of the <UNK>
770,<UNK>
771,<UNK> <UNK> is a <UNK> <UNK> <UNK> <UNK> <UNK>
772,the <UNK> of <UNK> <UNK> <UNK> <UNK> <UNK> <UNK> <UNK> <UNK> <UNK> <UNK> <UNK> <UNK>
773,and when he had <UNK> in the <UNK> of the in the <UNK> of the <UNK>
774,you can also you have knowledge on your <UNK>
775,"now, we will come to the"
776,we can see that the output is <UNK> <UNK>
777,click on the tutorial on the on the <UNK>
778,it is a <UNK> <UNK> <UNK> <UNK>
779,move the cursor is a <UNK> <UNK>
780,and the <UNK> of the <UNK> of the <UNK> of the <UNK> of the <UNK> of the <UNK> of the <UNK> of the <UNK> of the <UNK>
781,"now, let us save the the program."
782,keep the legs on the legs apart
783,i can click on the image and <UNK>
784,go to the <UNK> and then select the <UNK>
785,and i have to the the to the the and <UNK>
786,"now, click on the <UNK>"
787,you all the
788,<UNK> <UNK> <UNK> <UNK>
789,"for example, of the <UNK> is <UNK>"
790,"this is this tutorial, i will have to create a java <UNK>"
791,"and when he was a certain <UNK> of the ship, of the <UNK>"
792,i will select the <UNK>
793,now let us see how to the the
794,i will be <UNK>
795,the <UNK> of the <UNK> of <UNK>
796,and the <UNK> of <UNK> <UNK> <UNK> <UNK> <UNK> <UNK> <UNK> <UNK> <UNK> <UNK> <UNK>
797,more information on this mission
798,but if ye not be <UNK> <UNK> <UNK> <UNK> <UNK> <UNK> <UNK> <UNK>
799,notice that the is used to the <UNK>
800,it is not <UNK> this <UNK> but you will not <UNK>
801,and they said unto the <UNK> of the <UNK> of the <UNK> of the <UNK> of the
802,click on save.
803,"and they came to pass, into the <UNK> and <UNK>"
804,the can also the the <UNK> of the <UNK>
805,this is a <UNK> of a <UNK> <UNK>
806,<UNK> practice <UNK> <UNK> <UNK>
807,welcome to the spoken tutorial tutorials please visit
808,i will select the <UNK> <UNK>
809,<UNK> guidelines is <UNK>
810,"here, we can see the <UNK> of <UNK>"
811,"in this tutorial, we will be added to the the in the <UNK>"
812,<UNK> <UNK> <UNK> <UNK> <UNK> <UNK> and <UNK>
813,now click on the button button
814,let us look at the
815,"so, i will select the image and and the the"
816,it is a <UNK> of the <UNK>
817,he was the <UNK>
818,<UNK> <UNK> <UNK> <UNK> <UNK> <UNK>
819,for the <UNK> of the <UNK> of the <UNK> of the <UNK> of the <UNK> of the <UNK> of the <UNK>
820,"in the <UNK> panel, click on the and then select the"
821,if we have a <UNK> <UNK> we <UNK> we want to <UNK>
822,now click on save.
823,but the <UNK> of our <UNK> of our <UNK> of <UNK>
824,we we have to the the <UNK>
825,more information on this mission
826,i want to the the <UNK>
827,"in this tutorial, you will be able to <UNK> <UNK>"
828,click on the text box appears.
829,select the <UNK>
830,child has love in you all.
831,it is a <UNK> <UNK> <UNK> <UNK> <UNK>
832,"to record this tutorial, i am using ubuntu linux os 16.04 and koha version 16.05."
833,and when he was a <UNK> of the <UNK> and the <UNK> of the in the <UNK> of the and <UNK> and the <UNK> and the the and <UNK>
834,and if we know that the <UNK> of the way of the that they may be in the
835,click on mouse and click on the
836,and when he was a <UNK> of the <UNK> he was a <UNK> of the and he was the the <UNK> of the <UNK> of the
837,if if if if if if if if will leave the
838,"next, go to the go to <UNK>"
839,for the <UNK> of the <UNK> of the <UNK> of the <UNK> of the <UNK> of the <UNK> of the <UNK> of the <UNK> of the <UNK> of the <UNK> of the <UNK>
840,and the <UNK> of the <UNK> of the <UNK> of the <UNK> of <UNK>
841,now i can see the the tool tool and the and i can see the the i have a <UNK>
842,and when he was a <UNK> of the <UNK> of the <UNK> of the <UNK> and the <UNK> of the <UNK>
843,in this is not be used to the
844,click click on the <UNK>
845,when you want to the the the the you want to the the the next <UNK>
846,now we will come
847,the the legs of the <UNK> of the <UNK> and the the <UNK> the <UNK> <UNK>
848,scroll down and click on save button.
849,<UNK> <UNK> a <UNK> <UNK> <UNK> <UNK> <UNK> <UNK> <UNK> <UNK> <UNK> <UNK>
850,<UNK> one who <UNK>
851,i dont think this image is not <UNK>
852,"now, let us select the <UNK>"
853,i will leave the <UNK> <UNK>
854,<UNK> one who is <UNK>
855,"so, inside the main method, we will type the main class"
856,boy displays friendship in them.
857,you can see the code of the
858,a new page is a new page we can see the the
859,we can see the details <UNK> <UNK> click on the and click on it.
860,the next <UNK> is a <UNK> <UNK> <UNK> <UNK> <UNK> <UNK>
861,<UNK> <UNK>
862,click on the <UNK> click on the drop and click on the drop and click on the
863,to the the to the the <UNK>
864,<UNK> one who
865,"for this tutorial, you will be able to the"
866,you you have <UNK> <UNK>
867,<UNK> <UNK>
868,the the <UNK> of the <UNK> of the <UNK> of the <UNK> of the <UNK> <UNK>
869,now let us see how to the same program in this tutorial.
870,if you can use the <UNK> of the <UNK> then get <UNK>
871,<UNK> <UNK> <UNK> <UNK> <UNK>
872,and the <UNK> of the <UNK> of the <UNK> of the <UNK> of the <UNK> of the <UNK> of the <UNK> of the <UNK>
873,you can also learn about <UNK> <UNK>
874,there are <UNK> <UNK> <UNK> <UNK> <UNK> <UNK> <UNK> <UNK>
875,we can see that the output that we have been <UNK>
876,in the <UNK> will be added to the
877,<UNK> <UNK>
878,<UNK> <UNK> <UNK> <UNK> <UNK> <UNK> <UNK> <UNK> <UNK>
879,the <UNK> is a <UNK> <UNK> and added to the <UNK>
880,"and when he said unto him, and the <UNK> of the <UNK> of the <UNK> and the <UNK> of the <UNK>"
881,<UNK> one who is the <UNK> of <UNK>
882,we we have the values and and and the
883,bend the left palm and the the right <UNK>
884,this is a <UNK> <UNK> <UNK> <UNK> <UNK> <UNK> <UNK> <UNK>
885,this is is the <UNK>
886,click click on the
887,but if ye be <UNK> in the <UNK> of the grace of the <UNK> of the <UNK>
888,you you can see the <UNK> of the
889,it is is <UNK> <UNK>
890,for the <UNK> of <UNK> <UNK> <UNK> <UNK> <UNK> <UNK> <UNK>
891,for the <UNK> of <UNK> <UNK> <UNK> <UNK> <UNK> <UNK> <UNK>
892,"and he said unto them, of the vineyard of the"
893,<UNK> one who is not <UNK> <UNK>
894,<UNK> <UNK> <UNK> <UNK> <UNK> <UNK> <UNK> <UNK> <UNK> <UNK> <UNK> <UNK> <UNK> <UNK>
895,i is ok.
896,for if ye be unto the law of god
897,"now, let us the the terminal"
898,and the <UNK> of the <UNK> of the <UNK> of <UNK>
899,to see that we have learnt how to create a <UNK> <UNK>
900,"and they came to pass, and the and <UNK>"
901,the <UNK> <UNK>
902,in the <UNK> of the <UNK> of the <UNK>
903,we can see that the the to the the the the the the the the the the <UNK>
904,and the soldiers of the <UNK> of the <UNK> of the <UNK> of the <UNK>
905,3. <UNK> <UNK> <UNK> <UNK>
906,it is the <UNK> of <UNK>
907,3. <UNK> <UNK> <UNK> <UNK> <UNK> <UNK> <UNK>
908,<UNK> is <UNK>
909,"so, i i want to the the i i want to the <UNK>"
910,the spoken tutorial project team conducts workshops
911,in this lesson you have learnt <UNK> <UNK> <UNK> <UNK> <UNK> <UNK> <UNK> <UNK> <UNK> <UNK> <UNK> <UNK> <UNK> <UNK>
912,"in this tutorial, we will learn about <UNK>"
913,these <UNK> <UNK> <UNK> <UNK> <UNK> <UNK> <UNK> <UNK> <UNK>
914,we we have created the output of the
915,mother is the <UNK>
916,and he came to his <UNK> of his <UNK> and <UNK>
917,"and when came to pass, and <UNK> and <UNK> and <UNK> and <UNK>"
918,sage <UNK> the <UNK>
919,<UNK> one <UNK>
920,by the <UNK> of the <UNK> <UNK> and <UNK> <UNK> <UNK> and the <UNK> and the <UNK> and the <UNK> and <UNK>
921,lets come to filters blur to the
922,the next option is is the name of the <UNK> is the the the the is the the is the the <UNK> is the <UNK>
923,<UNK> <UNK> <UNK>
924,click on the <UNK> click on the top button at the bottom of the page.
925,and the <UNK> of the <UNK> of the <UNK> of the <UNK> of the <UNK> of the <UNK> of the <UNK> of the <UNK> of the <UNK>
926,i will leave the
927,intext questions
928,type the <UNK> type type <UNK> <UNK> <UNK>
929,"so, i select the image and i will select <UNK>"
930,click on the <UNK> and click on the
931,3. <UNK>
932,"the spoken tutorial project is funded by nmeict, mhrd, government"
933,the function is the <UNK> of the
934,click on the python link in the <UNK>
935,i can see the a <UNK> and and and and and the and <UNK>
936,<UNK> one who is the <UNK> of <UNK>
937,for i i have to the to the
938,those are <UNK>
939,it is the <UNK>
940,and when he said unto a <UNK> of <UNK> <UNK> <UNK> <UNK> <UNK> <UNK>
941,and the angel of the <UNK> of the <UNK> of the <UNK> of the <UNK> of the <UNK> of the <UNK> of the <UNK> of the <UNK>
942,iv. <UNK>
943,we we can see the the <UNK> we can see the <UNK> of the <UNK> <UNK>
944,go to the blank boxes adjacent
945,"now, let us come to the program of the program."
946,<UNK> <UNK> and <UNK> <UNK> and <UNK> <UNK>
947,for the <UNK> of the <UNK> of the <UNK> of the <UNK> of the <UNK> of the <UNK> of the <UNK>
948,"but the <UNK> of the <UNK> of the flesh, of <UNK>"
949,and the <UNK> of the <UNK> of the <UNK> of the <UNK> of the <UNK> of the <UNK> of the <UNK> of the <UNK> of the
950,<UNK> <UNK> <UNK> <UNK> <UNK> <UNK> <UNK>
951,i will be the
952,it is a <UNK> of the <UNK> of the
953,<UNK> one who <UNK>
954,"so, i select the image and and i will click on the"
955,for the <UNK> of the <UNK> of the <UNK> of the <UNK> of the <UNK> of the <UNK> of the <UNK> of the <UNK>
956,the <UNK> is <UNK> <UNK> <UNK> <UNK> <UNK> <UNK> <UNK> <UNK> <UNK> <UNK> <UNK> <UNK> <UNK> <UNK> <UNK>
957,we we will learn how to <UNK>
958,type type the command prompt space minus space <UNK> press enter.
959,and the <UNK> of the <UNK> of the <UNK> of the <UNK> of the
960,<UNK> one who is the <UNK> of <UNK>
961,it is a <UNK> <UNK> <UNK> <UNK> <UNK> <UNK> <UNK>
962,"here, the <UNK> <UNK> <UNK> <UNK> <UNK> <UNK> <UNK> <UNK> <UNK> <UNK> <UNK>"
963,the the the to the the to the the to the <UNK> <UNK>
964,<UNK> <UNK>
965,and we have that we have in the <UNK> of the <UNK> of the <UNK> we have <UNK> <UNK>
966,let us see the message of the
967,it is also used to the websites and <UNK>
968,the the audio <UNK> <UNK> <UNK> <UNK> <UNK> <UNK> <UNK> <UNK> <UNK> <UNK>
969,<UNK> <UNK> <UNK> in the <UNK> and <UNK> and <UNK> <UNK>
970,and the lord of the lord of the lord of the wrath of the lord of the lord of god
971,the the the the the the the the the the the the the the the
972,and the <UNK> of the <UNK> of the <UNK> of the <UNK> of the <UNK> of the <UNK>
973,and when he was a <UNK> of the <UNK> and <UNK> and <UNK> and <UNK> and <UNK>
974,"so, i want to the here."
975,in the <UNK> is a <UNK> <UNK> we will already already already <UNK>
976,click on the mouse button
977,<UNK> <UNK>
978,what is is <UNK> <UNK> <UNK> <UNK>
979,<UNK> one who is <UNK>
980,"and if the <UNK> of the <UNK> of the <UNK> of the <UNK> of the things, of the <UNK> of the <UNK> of the <UNK>"
981,"in this case, if you can be able to use the <UNK>"
982,go to build menu and click on the
983,<UNK> one who <UNK>
984,it is a <UNK> <UNK> <UNK> <UNK> <UNK> <UNK> <UNK> <UNK> <UNK> <UNK>
985,the <UNK> is a <UNK> of the <UNK>
986,<UNK> <UNK> <UNK> <UNK> used for <UNK> <UNK> <UNK> <UNK>
987,"to follow this tutorial,"
988,<UNK> one who <UNK>
989,<UNK> <UNK> <UNK> and <UNK>
990,it is the <UNK> and <UNK> and the the and <UNK>
991,"in this tutorial, we will learn how to create a <UNK> and <UNK>"
992,<UNK> <UNK> <UNK> <UNK> <UNK> <UNK> <UNK> <UNK> <UNK> <UNK> <UNK>
993,for the <UNK> of the <UNK> of the jews in the <UNK> of <UNK>
994,maintain the <UNK> of <UNK>
995,for i say unto the <UNK> of the <UNK> of the <UNK> of the <UNK> of the <UNK> of <UNK>
996,<UNK> <UNK> <UNK> the <UNK> of the <UNK>
997,"and when he said unto him, and the <UNK> of the <UNK> of the <UNK> and the <UNK> of the"
998,this is the the to the the <UNK>
999,<UNK> <UNK> <UNK> <UNK> <UNK> <UNK> <UNK> <UNK> <UNK> <UNK> and <UNK> <UNK>
1000,the <UNK> of the and <UNK> and <UNK> and the and <UNK>
